{"arr":[-41.07534717953087,9.229080846377302,13.038127697063251,29.32950204682605,-2.3219152009322785,15.358158543981704,-15.63245058870233,-12.441603381788568,12.192241045831054],"t":150.6184265310334,"avg":16.735380725670378,"wants":{"BTC-PERP":0.2727113018344254,"BTC-SPOT":-0.2727113018344254,"SOL-PERP":-0.061274580135623334,"SOL-SPOT":0.061274580135623334,"SRM-PERP":-0.08656396164367629,"SRM-SPOT":0.08656396164367629,"RAY-PERP":-0.19472718393312258,"RAY-SPOT":0.19472718393312258,"FTT-PERP":0.015415877422234731,"FTT-SPOT":-0.015415877422234731,"ADA-PERP":-0.10196732828580778,"ADA-SPOT":0.10196732828580778,"BNB-PERP":0.10378843378423835,"BNB-SPOT":-0.10378843378423835,"AVAX-PERP":0.08260346139803221,"AVAX-SPOT":-0.08260346139803221,"LUNA-PERP":-0.08094787156283939,"LUNA-SPOT":0.08094787156283939},"mids":{"BTC-PERP":44233.25,"SOL-PERP":103.03,"SRM-PERP":3.0615,"RAY-PERP":3.0999999999999996,"FTT-PERP":49.893,"ADA-PERP":1.1333000000000002,"BNB-PERP":413.70000000000005,"AVAX-PERP":86.49000000000001,"LUNA-PERP":90.455},"BTC":-41.07534717953087,"SOL":9.229080846377302,"SRM":13.038127697063251,"RAY":29.32950204682605,"FTT":-2.3219152009322785,"ADA":15.358158543981704,"BNB":-15.63245058870233,"AVAX":-12.441603381788568,"LUNA":12.192241045831054}