{"arr":[14.972453280436948,40.39453705354612,266.0083391484911,34.28636031221277,-65.86909120804118,24.77753988065734,60.57236054355353,450.1606031934633,13.547836371570865],"t":970.5891209919732,"avg":107.8432356657748,"wants":{"BTC-PERP":-0.015426149908969329,"BTC-SPOT":0.015426149908969329,"SOL-PERP":-0.04161857595545848,"SOL-SPOT":0.04161857595545848,"SRM-PERP":-0.27406894781246055,"SRM-SPOT":0.27406894781246055,"RAY-PERP":-0.03532530869207663,"RAY-SPOT":0.03532530869207663,"FTT-PERP":0.0678650623455586,"FTT-SPOT":-0.0678650623455586,"ADA-PERP":-0.025528351126925777,"ADA-SPOT":0.025528351126925777,"BNB-PERP":-0.062407829671165725,"BNB-SPOT":0.062407829671165725,"AVAX-PERP":-0.46380141035723205,"AVAX-SPOT":0.46380141035723205,"LUNA-PERP":-0.01395836413015277,"LUNA-SPOT":0.01395836413015277},"mids":{"BTC-PERP":47171.55,"SOL-PERP":109.485,"SRM-PERP":3.097,"RAY-PERP":3.215,"FTT-PERP":52.184,"ADA-PERP":1.1854,"BNB-PERP":434.5,"AVAX-PERP":91.435,"LUNA-PERP":95.725},"BTC":14.972453280436948,"SOL":40.39453705354612,"SRM":266.0083391484911,"RAY":34.28636031221277,"FTT":-65.86909120804118,"ADA":24.77753988065734,"BNB":60.57236054355353,"AVAX":450.1606031934633,"LUNA":13.547836371570865}