{"arr":[0,0,-70.25823527971176,0,0,0,-55.01533428026117,0,-69.48526934818311],"t":194.75883890815604,"avg":21.639870989795114,"wants":{"BTC-PERP":0,"BTC-SPOT":0,"SOL-PERP":0,"SOL-SPOT":0,"SRM-PERP":0.36074478402925775,"SRM-SPOT":-0.36074478402925775,"RAY-PERP":0,"RAY-SPOT":0,"FTT-PERP":0,"FTT-SPOT":0,"ADA-PERP":0,"ADA-SPOT":0,"BNB-PERP":0.28247926814867275,"BNB-SPOT":-0.28247926814867275,"AVAX-PERP":0,"AVAX-SPOT":0,"LUNA-PERP":0.35677594782206945,"LUNA-SPOT":-0.35677594782206945},"mids":{"BTC-PERP":44466.05,"SOL-PERP":98.745,"SRM-PERP":3.0575,"RAY-PERP":3.0295,"FTT-PERP":50.0345,"ADA-PERP":1.1016,"BNB-PERP":411.6,"AVAX-PERP":83.735,"LUNA-PERP":90.855},"BTC":0,"SOL":0,"SRM":-70.25823527971176,"RAY":0,"FTT":0,"ADA":0,"BNB":-55.01533428026117,"AVAX":0,"LUNA":-69.48526934818311}