{"arr":[0,0,0,0,0,0,0,-56.154956764404965,0],"t":56.154956764404965,"avg":6.23943964048944,"wants":{"BTC-PERP":0,"BTC-SPOT":0,"SOL-PERP":0,"SOL-SPOT":0,"SRM-PERP":0,"SRM-SPOT":0,"RAY-PERP":0,"RAY-SPOT":0,"FTT-PERP":0,"FTT-SPOT":0,"ADA-PERP":0,"ADA-SPOT":0,"BNB-PERP":0,"BNB-SPOT":0,"AVAX-PERP":1,"AVAX-SPOT":-1,"LUNA-PERP":0,"LUNA-SPOT":0},"mids":{"BTC-PERP":44340.8,"SOL-PERP":98.75999999999999,"SRM-PERP":3.0395000000000003,"RAY-PERP":3.053,"FTT-PERP":50.0035,"ADA-PERP":1.1013000000000002,"BNB-PERP":409.40000000000003,"AVAX-PERP":83.425,"LUNA-PERP":89.305},"BTC":0,"SOL":0,"SRM":0,"RAY":0,"FTT":0,"ADA":0,"BNB":0,"AVAX":-56.154956764404965,"LUNA":0}