{"arr":[0,0,0,0,0,197.46974580299081,0,0,-497.52575802977327],"t":694.9955038327641,"avg":77.2217226480849,"wants":{"BTC-PERP":0,"BTC-SPOT":0,"SOL-PERP":0,"SOL-SPOT":0,"SRM-PERP":0,"SRM-SPOT":0,"RAY-PERP":0,"RAY-SPOT":0,"FTT-PERP":0,"FTT-SPOT":0,"ADA-PERP":-0.284130968781789,"ADA-SPOT":0.284130968781789,"BNB-PERP":0,"BNB-SPOT":0,"AVAX-PERP":0,"AVAX-SPOT":0,"LUNA-PERP":0.7158690312182109,"LUNA-SPOT":-0.7158690312182109},"mids":{"BTC-PERP":44444.350000000006,"SOL-PERP":99.16499999999999,"SRM-PERP":3.0495,"RAY-PERP":3.0650000000000004,"FTT-PERP":50.062,"ADA-PERP":1.1108,"BNB-PERP":410.45000000000005,"AVAX-PERP":83.795,"LUNA-PERP":89.48},"BTC":0,"SOL":0,"SRM":0,"RAY":0,"FTT":0,"ADA":197.46974580299081,"BNB":0,"AVAX":0,"LUNA":-497.52575802977327}