{"arr":[-99.71247817686401],"t":99.71247817686401,"avg":99.71247817686401,"wants":{"BTC-PERP":null,"BTC-SPOT":null,"SOL-PERP":null,"SOL-SPOT":null,"SRM-PERP":null,"SRM-SPOT":null,"RAY-PERP":null,"RAY-SPOT":null,"FTT-PERP":null,"FTT-SPOT":null,"ADA-PERP":null,"ADA-SPOT":null,"BNB-PERP":null,"BNB-SPOT":null,"AVAX-PERP":1,"AVAX-SPOT":-1,"LUNA-PERP":null,"LUNA-SPOT":null},"mids":{"BTC-PERP":44482.45,"SOL-PERP":100.445,"SRM-PERP":3.0635000000000003,"RAY-PERP":3.088,"FTT-PERP":50.298,"ADA-PERP":1.1217000000000001,"BNB-PERP":411.75,"AVAX-PERP":84.74000000000001,"LUNA-PERP":90.13499999999999},"AVAX":-99.71247817686401}