{"arr":[-2.5352039455440734,65.61364294317751,-48.157488086067566,-61.2154486337253,-37.20733827319389,66.8254875866403,-6.808165925151322,91.10267503018999,24.215016941188104],"t":403.68046736487804,"avg":44.85338526276423,"wants":{"BTC-PERP":0.00628022446092879,"BTC-SPOT":-0.00628022446092879,"SOL-PERP":-0.162538562669347,"SOL-SPOT":0.162538562669347,"SRM-PERP":0.11929605710285471,"SRM-SPOT":-0.11929605710285471,"RAY-PERP":0.15164332580499612,"RAY-SPOT":-0.15164332580499612,"FTT-PERP":0.09217027149238555,"FTT-SPOT":-0.09217027149238555,"ADA-PERP":-0.16554055246432867,"ADA-SPOT":0.16554055246432867,"BNB-PERP":0.01686523494583048,"BNB-SPOT":-0.01686523494583048,"AVAX-PERP":-0.22568016635752716,"AVAX-SPOT":0.22568016635752716,"LUNA-PERP":-0.05998560470180162,"LUNA-SPOT":0.05998560470180162},"mids":{"BTC-PERP":46933.45,"SOL-PERP":106.275,"SRM-PERP":3.0685000000000002,"RAY-PERP":3.1574999999999998,"FTT-PERP":51.862,"ADA-PERP":1.17795,"BNB-PERP":429.5,"AVAX-PERP":89.32,"LUNA-PERP":93.6},"BTC":-2.5352039455440734,"SOL":65.61364294317751,"SRM":-48.157488086067566,"RAY":-61.2154486337253,"FTT":-37.20733827319389,"ADA":66.8254875866403,"BNB":-6.808165925151322,"AVAX":91.10267503018999,"LUNA":24.215016941188104}