{"arr":[2.94513903433824,41.26625211991275,35.66775244307618,-13.29928552884374,-3.427603987072758,12.620115503935825,9.841121707639289,35.6774974904448,12.21167703653503],"t":166.9564448517986,"avg":18.55071609464429,"wants":{"BTC-PERP":-0.017640163798124334,"BTC-SPOT":0.017640163798124334,"SOL-PERP":-0.24716776975302365,"SOL-SPOT":0.24716776975302365,"SRM-PERP":-0.2136350739543909,"SRM-SPOT":0.2136350739543909,"RAY-PERP":0.07965721563279003,"RAY-SPOT":-0.07965721563279003,"FTT-PERP":0.020529929168744115,"FTT-SPOT":-0.020529929168744115,"ADA-PERP":-0.07558926829771836,"ADA-SPOT":0.07558926829771836,"BNB-PERP":-0.05894424570656681,"BNB-SPOT":0.05894424570656681,"AVAX-PERP":-0.2136934427545727,"AVAX-SPOT":0.2136934427545727,"LUNA-PERP":-0.0731428909340691,"LUNA-SPOT":0.0731428909340691},"mids":{"BTC-PERP":46898.15000000001,"SOL-PERP":106.2,"SRM-PERP":3.0715000000000003,"RAY-PERP":3.16,"FTT-PERP":51.9,"ADA-PERP":1.1782000000000001,"BNB-PERP":429.70000000000005,"AVAX-PERP":89.39500000000001,"LUNA-PERP":93.725},"BTC":2.94513903433824,"SOL":41.26625211991275,"SRM":35.66775244307618,"RAY":-13.29928552884374,"FTT":-3.427603987072758,"ADA":12.620115503935825,"BNB":9.841121707639289,"AVAX":35.6774974904448,"LUNA":12.21167703653503}