{"arr":[4.009342481857692,-52.94890974016664,-44.90252980884301,9.23660902586354,3650,-109.21162455522627,0],"t":3870.309015611957,"avg":552.9012879445653,"wants":{"BTC-PERP":-0.0010359230918474223,"BTC-SPOT":0.0010359230918474223,"SOL-PERP":0.013680796423898618,"SOL-SPOT":-0.013680796423898618,"SRM-PERP":null,"SRM-SPOT":null,"RAY-PERP":null,"RAY-SPOT":null,"FTT-PERP":0.01160179448920391,"FTT-SPOT":-0.01160179448920391,"ADA-PERP":-0.002386530116485566,"ADA-SPOT":0.002386530116485566,"BNB-PERP":-0.943077151017327,"BNB-SPOT":0.943077151017327,"AVAX-PERP":0.028217804861237466,"AVAX-SPOT":-0.028217804861237466,"LUNA-PERP":0,"LUNA-SPOT":0},"mids":{"BTC-PERP":47378.450000000004,"SOL-PERP":110.215,"FTT-PERP":50.692,"ADA-PERP":1.1856499999999999,"BNB-PERP":494.95000000000005,"AVAX-PERP":92.18,"LUNA-PERP":null},"BTC":4.009342481857692,"SOL":-52.94890974016664,"FTT":-44.90252980884301,"ADA":9.23660902586354,"BNB":3650,"AVAX":-109.21162455522627,"LUNA":0}