{"arr":[0,0,0,0,0,0,0,-61.46226631464824,0],"t":61.46226631464824,"avg":6.8291407016275825,"wants":{"BTC-PERP":0,"BTC-SPOT":0,"SOL-PERP":0,"SOL-SPOT":0,"SRM-PERP":0,"SRM-SPOT":0,"RAY-PERP":0,"RAY-SPOT":0,"FTT-PERP":0,"FTT-SPOT":0,"ADA-PERP":0,"ADA-SPOT":0,"BNB-PERP":0,"BNB-SPOT":0,"AVAX-PERP":1,"AVAX-SPOT":-1,"LUNA-PERP":0,"LUNA-SPOT":0},"mids":{"BTC-PERP":44376.8,"SOL-PERP":98.81,"SRM-PERP":3.0445,"RAY-PERP":3.0540000000000003,"FTT-PERP":50.0085,"ADA-PERP":1.10695,"BNB-PERP":409.6,"AVAX-PERP":83.505,"LUNA-PERP":89.34},"BTC":0,"SOL":0,"SRM":0,"RAY":0,"FTT":0,"ADA":0,"BNB":0,"AVAX":-61.46226631464824,"LUNA":0}