{"arr":[50.544059771427285,-1191.3714628410312,-1.1472733594810602,-15.25919732429415,3650,190.2199401673066,0],"t":5098.541933463541,"avg":728.3631333519344,"wants":{"BTC-PERP":-0.009913434160399599,"BTC-SPOT":0.009913434160399599,"SOL-PERP":0.2336690525229649,"SOL-SPOT":-0.2336690525229649,"SRM-PERP":null,"SRM-SPOT":null,"RAY-PERP":null,"RAY-SPOT":null,"FTT-PERP":0.00022501989283467454,"FTT-SPOT":-0.00022501989283467454,"ADA-PERP":0.002992855118861065,"ADA-SPOT":-0.002992855118861065,"BNB-PERP":-0.7158909444372231,"BNB-SPOT":0.7158909444372231,"AVAX-PERP":-0.03730869386771649,"AVAX-SPOT":0.03730869386771649,"LUNA-PERP":0,"LUNA-SPOT":0},"mids":{"BTC-PERP":47353.3,"SOL-PERP":110.39500000000001,"FTT-PERP":51.078500000000005,"ADA-PERP":1.1957499999999999,"BNB-PERP":null,"AVAX-PERP":94.075,"LUNA-PERP":null},"BTC":50.544059771427285,"SOL":-1191.3714628410312,"FTT":-1.1472733594810602,"ADA":-15.25919732429415,"BNB":3650,"AVAX":190.2199401673066,"LUNA":0}