{"arr":[-161.36559007735863,-51.15538235429573],"t":212.52097243165437,"avg":106.26048621582719,"wants":{"BTC-PERP":null,"BTC-SPOT":null,"SOL-PERP":null,"SOL-SPOT":null,"SRM-PERP":null,"SRM-SPOT":null,"RAY-PERP":null,"RAY-SPOT":null,"FTT-PERP":0.7592925452534006,"FTT-SPOT":-0.7592925452534006,"ADA-PERP":null,"ADA-SPOT":null,"BNB-PERP":null,"BNB-SPOT":null,"AVAX-PERP":null,"AVAX-SPOT":null,"LUNA-PERP":0.24070745474659935,"LUNA-SPOT":-0.24070745474659935},"mids":{"BTC-PERP":44451.8,"SOL-PERP":100.705,"SRM-PERP":3.0705,"RAY-PERP":3.096,"FTT-PERP":50.31,"ADA-PERP":1.1324,"BNB-PERP":412.45000000000005,"AVAX-PERP":84.65,"LUNA-PERP":89.995},"FTT":-161.36559007735863,"LUNA":-51.15538235429573}