{"arr":[0,0,-143.2542927227517,0,0,0,0,0,-51.36836872279549],"t":194.62266144554718,"avg":21.624740160616355,"wants":{"BTC-PERP":0,"BTC-SPOT":0,"SOL-PERP":0,"SOL-SPOT":0,"SRM-PERP":0.7360617291878537,"SRM-SPOT":-0.7360617291878537,"RAY-PERP":0,"RAY-SPOT":0,"FTT-PERP":0,"FTT-SPOT":0,"ADA-PERP":0,"ADA-SPOT":0,"BNB-PERP":0,"BNB-SPOT":0,"AVAX-PERP":0,"AVAX-SPOT":0,"LUNA-PERP":0.26393827081214627,"LUNA-SPOT":-0.26393827081214627},"mids":{"BTC-PERP":44432.05,"SOL-PERP":100.65,"SRM-PERP":3.0515,"RAY-PERP":3.085,"FTT-PERP":50.131,"ADA-PERP":1.1196000000000002,"BNB-PERP":411.55,"AVAX-PERP":84.205,"LUNA-PERP":89.41},"BTC":0,"SOL":0,"SRM":-143.2542927227517,"RAY":0,"FTT":0,"ADA":0,"BNB":0,"AVAX":0,"LUNA":-51.36836872279549}