{"arr":[-26.90471058719779,53.08561494749809,1.9919657482987407,-7.857431029637207,19.904540302882133,-45.06685125643861,-17.874194668921483,-113.42593623328123,29.11561273980734],"t":315.2268575139626,"avg":35.02520639044029,"wants":{"BTC-PERP":0.08535031183377538,"BTC-SPOT":-0.08535031183377538,"SOL-PERP":-0.16840447976469367,"SOL-SPOT":0.16840447976469367,"SRM-PERP":-0.006319149846584721,"SRM-SPOT":0.006319149846584721,"RAY-PERP":0.024926274022476564,"RAY-SPOT":-0.024926274022476564,"FTT-PERP":-0.06314354195533763,"FTT-SPOT":0.06314354195533763,"ADA-PERP":0.1429664071515303,"ADA-SPOT":-0.1429664071515303,"BNB-PERP":0.056702638886439956,"BNB-SPOT":-0.056702638886439956,"AVAX-PERP":0.35982319884737984,"AVAX-SPOT":-0.35982319884737984,"LUNA-PERP":-0.09236399769178201,"LUNA-SPOT":0.09236399769178201},"mids":{"BTC-PERP":45975.850000000006,"SOL-PERP":104.53,"SRM-PERP":2.9795,"RAY-PERP":3.099,"FTT-PERP":51.5535,"ADA-PERP":1.1508,"BNB-PERP":423.15,"AVAX-PERP":87.275,"LUNA-PERP":92.025},"BTC":-26.90471058719779,"SOL":53.08561494749809,"SRM":1.9919657482987407,"RAY":-7.857431029637207,"FTT":19.904540302882133,"ADA":-45.06685125643861,"BNB":-17.874194668921483,"AVAX":-113.42593623328123,"LUNA":29.11561273980734}