{"arr":[59.336535559972205,-15.271791953822111,-42.073763287998055,43.3418150976359,3650,138.4808509361657,0],"t":3948.504756835594,"avg":564.0721081193706,"wants":{"BTC-PERP":-0.015027596321683457,"BTC-SPOT":0.015027596321683457,"SOL-PERP":0.0038677405484655444,"SOL-SPOT":-0.0038677405484655444,"SRM-PERP":null,"SRM-SPOT":null,"RAY-PERP":null,"RAY-SPOT":null,"FTT-PERP":0.010655619248061072,"FTT-SPOT":-0.010655619248061072,"ADA-PERP":-0.010976766590594371,"ADA-SPOT":0.010976766590594371,"BNB-PERP":-0.924400557877301,"BNB-SPOT":0.924400557877301,"AVAX-PERP":-0.0350717194138945,"AVAX-SPOT":0.0350717194138945,"LUNA-PERP":0,"LUNA-SPOT":0},"mids":{"BTC-PERP":47257.40000000001,"SOL-PERP":110.20500000000001,"FTT-PERP":50.5475,"ADA-PERP":1.1797,"BNB-PERP":494.95000000000005,"AVAX-PERP":92.215,"LUNA-PERP":null},"BTC":59.336535559972205,"SOL":-15.271791953822111,"FTT":-42.073763287998055,"ADA":43.3418150976359,"BNB":3650,"AVAX":138.4808509361657,"LUNA":0}