{"arr":[-31.297290506813958,-18.720990162326867,-9.545569137553,52.52870081688022,-7.426546727857697,-10.180358859337435,-89.70641878038154,85.77654478222452,-39.060663956165584],"t":344.2430837295408,"avg":38.249231525504534,"wants":{"BTC-PERP":0.09091625071370525,"BTC-SPOT":-0.09091625071370525,"SOL-PERP":0.05438305385689394,"SOL-SPOT":-0.05438305385689394,"SRM-PERP":0.027729152998909937,"SRM-SPOT":-0.027729152998909937,"RAY-PERP":-0.15259188433877177,"RAY-SPOT":0.15259188433877177,"FTT-PERP":0.021573553918348184,"FTT-SPOT":-0.021573553918348184,"ADA-PERP":0.029573168904493578,"ADA-SPOT":-0.029573168904493578,"BNB-PERP":0.2605903299740964,"BNB-SPOT":-0.2605903299740964,"AVAX-PERP":-0.24917434463146984,"AVAX-SPOT":0.24917434463146984,"LUNA-PERP":0.11346826066331116,"LUNA-SPOT":-0.11346826066331116},"mids":{"BTC-PERP":44695.95,"SOL-PERP":102.375,"SRM-PERP":2.9615,"RAY-PERP":3.065,"FTT-PERP":50.2045,"ADA-PERP":1.1536,"BNB-PERP":416.9,"AVAX-PERP":86.65,"LUNA-PERP":91.30000000000001},"BTC":-31.297290506813958,"SOL":-18.720990162326867,"SRM":-9.545569137553,"RAY":52.52870081688022,"FTT":-7.426546727857697,"ADA":-10.180358859337435,"BNB":-89.70641878038154,"AVAX":85.77654478222452,"LUNA":-39.060663956165584}