{"arr":[27.303218307102473,-1426.3510813084017,-25.977297925755206,24.363788068477056,3650,290.362692998636,0],"t":5444.358078608372,"avg":777.7654398011961,"wants":{"BTC-PERP":-0.005014956384735338,"BTC-SPOT":0.005014956384735338,"SOL-PERP":0.26198700759833016,"SOL-SPOT":-0.26198700759833016,"SRM-PERP":null,"SRM-SPOT":null,"RAY-PERP":null,"RAY-SPOT":null,"FTT-PERP":0.004771416124854749,"FTT-SPOT":-0.004771416124854749,"ADA-PERP":-0.004475052470227062,"ADA-SPOT":0.004475052470227062,"BNB-PERP":-0.6704187981942903,"BNB-SPOT":0.6704187981942903,"AVAX-PERP":-0.053332769227562526,"AVAX-SPOT":0.053332769227562526,"LUNA-PERP":0,"LUNA-SPOT":0},"mids":{"BTC-PERP":47478.200000000004,"SOL-PERP":110.39500000000001,"FTT-PERP":50.986000000000004,"ADA-PERP":1.1989,"BNB-PERP":494.95000000000005,"AVAX-PERP":93.135,"LUNA-PERP":null},"BTC":27.303218307102473,"SOL":-1426.3510813084017,"FTT":-25.977297925755206,"ADA":24.363788068477056,"BNB":3650,"AVAX":290.362692998636,"LUNA":0}