{"arr":[-15.690445376321582,-17.240033480463325,15.182159647380677,64.49070526343648,-10.121263184830976,1.1931517106718026,-25.23010493704769,-42.25667016000689,-48.72451160439994],"t":240.12904536455937,"avg":26.681005040506598,"wants":{"BTC-PERP":0.06534172220815955,"BTC-SPOT":-0.06534172220815955,"SOL-PERP":0.07179486952230137,"SOL-SPOT":-0.07179486952230137,"SRM-PERP":-0.06322500314083791,"SRM-SPOT":0.06322500314083791,"RAY-PERP":-0.26856686647601463,"RAY-SPOT":0.26856686647601463,"FTT-PERP":0.04214926673891143,"FTT-SPOT":-0.04214926673891143,"ADA-PERP":-0.004968793795271131,"ADA-SPOT":0.004968793795271131,"BNB-PERP":0.10506894282090624,"BNB-SPOT":-0.10506894282090624,"AVAX-PERP":0.17597483926133806,"AVAX-SPOT":-0.17597483926133806,"LUNA-PERP":0.20290969603625963,"LUNA-SPOT":-0.20290969603625963},"mids":{"BTC-PERP":44438.45,"SOL-PERP":100.45,"SRM-PERP":3.0385,"RAY-PERP":3.0815,"FTT-PERP":50.25,"ADA-PERP":1.127,"BNB-PERP":414.65,"AVAX-PERP":84.825,"LUNA-PERP":90.185},"BTC":-15.690445376321582,"SOL":-17.240033480463325,"SRM":15.182159647380677,"RAY":64.49070526343648,"FTT":-10.121263184830976,"ADA":1.1931517106718026,"BNB":-25.23010493704769,"AVAX":-42.25667016000689,"LUNA":-48.72451160439994}