{"arr":[-20.02628365498127,3.488029543841309,45.750022805935316,1.1912727035809922,-17.38992016726626,-27.005820228241607,-34.47056414292338,-49.367055788774984,-25.614952873112994],"t":224.3039219086581,"avg":24.9226579898509,"wants":{"BTC-PERP":0.08928191484380933,"BTC-SPOT":-0.08928191484380933,"SOL-PERP":-0.015550461686807765,"SOL-SPOT":0.015550461686807765,"SRM-PERP":-0.20396443547057466,"SRM-SPOT":0.20396443547057466,"RAY-PERP":-0.005310975811052054,"RAY-SPOT":0.005310975811052054,"FTT-PERP":0.07752838211338922,"FTT-SPOT":-0.07752838211338922,"ADA-PERP":0.12039834167161383,"ADA-SPOT":-0.12039834167161383,"BNB-PERP":0.15367793772665558,"BNB-SPOT":-0.15367793772665558,"AVAX-PERP":0.22009002503700503,"AVAX-SPOT":-0.22009002503700503,"LUNA-PERP":0.11419752563909254,"LUNA-SPOT":-0.11419752563909254},"mids":{"BTC-PERP":44211.55,"SOL-PERP":100.065,"SRM-PERP":3.0395000000000003,"RAY-PERP":3.064,"FTT-PERP":49.68,"ADA-PERP":1.12365,"BNB-PERP":411.75,"AVAX-PERP":85.24000000000001,"LUNA-PERP":90.08500000000001},"BTC":-20.02628365498127,"SOL":3.488029543841309,"SRM":45.750022805935316,"RAY":1.1912727035809922,"FTT":-17.38992016726626,"ADA":-27.005820228241607,"BNB":-34.47056414292338,"AVAX":-49.367055788774984,"LUNA":-25.614952873112994}