{"arr":[38.580851159687015,-112.34836139764015,-21.28770518774392,-24.62057335581258,3650,100.65877373696641,0],"t":3947.49626483785,"avg":563.9280378339786,"wants":{"BTC-PERP":-0.009773499091903963,"BTC-SPOT":0.009773499091903963,"SOL-PERP":0.028460663129279754,"SOL-SPOT":-0.028460663129279754,"SRM-PERP":null,"SRM-SPOT":null,"RAY-PERP":null,"RAY-SPOT":null,"FTT-PERP":0.0053927106600108075,"FTT-SPOT":-0.0053927106600108075,"ADA-PERP":0.006237009918190236,"ADA-SPOT":-0.006237009918190236,"BNB-PERP":-0.9246367203719013,"BNB-SPOT":0.9246367203719013,"AVAX-PERP":-0.025499396828713942,"AVAX-SPOT":0.025499396828713942,"LUNA-PERP":0,"LUNA-SPOT":0},"mids":{"BTC-PERP":47413.45,"SOL-PERP":110.29,"FTT-PERP":50.7375,"ADA-PERP":1.1856,"BNB-PERP":494.95000000000005,"AVAX-PERP":92.1,"LUNA-PERP":null},"BTC":38.580851159687015,"SOL":-112.34836139764015,"FTT":-21.28770518774392,"ADA":-24.62057335581258,"BNB":3650,"AVAX":100.65877373696641,"LUNA":0}