{"arr":[-21.97205929925483,-0.29227442286106076,-12.014483212560823,-1.1837006047991094,-13.131192427885185,-32.5726647381771,-27.341898893965876,-32.96423234507617,-37.4275170738646],"t":178.90002301844478,"avg":19.877780335382752,"wants":{"BTC-PERP":0.12281753198538989,"BTC-SPOT":-0.12281753198538989,"SOL-PERP":0.0016337304933209927,"SOL-SPOT":-0.0016337304933209927,"SRM-PERP":0.06715752748294569,"SRM-SPOT":-0.06715752748294569,"RAY-PERP":0.006616548085502866,"RAY-SPOT":-0.006616548085502866,"FTT-PERP":0.0733996128470668,"FTT-SPOT":-0.0733996128470668,"ADA-PERP":0.18207188679242833,"ADA-SPOT":-0.18207188679242833,"BNB-PERP":0.15283340064828776,"BNB-SPOT":-0.15283340064828776,"AVAX-PERP":0.18426063780705898,"AVAX-SPOT":-0.18426063780705898,"LUNA-PERP":0.2092091238579985,"LUNA-SPOT":-0.2092091238579985},"mids":{"BTC-PERP":44480.600000000006,"SOL-PERP":100.655,"SRM-PERP":3.0375,"RAY-PERP":3.0835,"FTT-PERP":50.4025,"ADA-PERP":1.1278000000000001,"BNB-PERP":415.20000000000005,"AVAX-PERP":84.84,"LUNA-PERP":90.14},"BTC":-21.97205929925483,"SOL":-0.29227442286106076,"SRM":-12.014483212560823,"RAY":-1.1837006047991094,"FTT":-13.131192427885185,"ADA":-32.5726647381771,"BNB":-27.341898893965876,"AVAX":-32.96423234507617,"LUNA":-37.4275170738646}