{"arr":[21.838439484995973,-1158.43266464545,7.11325198746704,48.829431438250246,3650,-47.66751728584961,0],"t":4933.8813048420125,"avg":704.8401864060017,"wants":{"BTC-PERP":-0.004426219062782107,"BTC-SPOT":0.004426219062782107,"SOL-PERP":0.2347913525014449,"SOL-SPOT":-0.2347913525014449,"SRM-PERP":null,"SRM-SPOT":null,"RAY-PERP":null,"RAY-SPOT":null,"FTT-PERP":-0.001441715263901107,"FTT-SPOT":0.001441715263901107,"ADA-PERP":-0.009896758438499527,"ADA-SPOT":0.009896758438499527,"BNB-PERP":-0.7397826932759738,"BNB-SPOT":0.7397826932759738,"AVAX-PERP":0.009661261457398592,"AVAX-SPOT":-0.009661261457398592,"LUNA-PERP":0,"LUNA-SPOT":0},"mids":{"BTC-PERP":47327.15,"SOL-PERP":110.39500000000001,"FTT-PERP":51.0295,"ADA-PERP":1.1968,"BNB-PERP":null,"AVAX-PERP":94.14500000000001,"LUNA-PERP":null},"BTC":21.838439484995973,"SOL":-1158.43266464545,"FTT":7.11325198746704,"ADA":48.829431438250246,"BNB":3650,"AVAX":-47.66751728584961,"LUNA":0}