{"arr":[63.14760677861386,-58.23382002991673,-29.491628218005992,24.73528166040495,3650,0,0],"t":3825.6083366869416,"avg":546.5154766695631,"wants":{"BTC-PERP":-0.01650655300309729,"BTC-SPOT":0.01650655300309729,"SOL-PERP":0.015222107153903909,"SOL-SPOT":-0.015222107153903909,"SRM-PERP":null,"SRM-SPOT":null,"RAY-PERP":null,"RAY-SPOT":null,"FTT-PERP":0.007709003542047478,"FTT-SPOT":-0.007709003542047478,"ADA-PERP":-0.006465711981855997,"ADA-SPOT":0.006465711981855997,"BNB-PERP":-0.9540966243190954,"BNB-SPOT":0.9540966243190954,"AVAX-PERP":0,"AVAX-SPOT":0,"LUNA-PERP":0,"LUNA-SPOT":0},"mids":{"BTC-PERP":47316.4,"SOL-PERP":110.39500000000001,"FTT-PERP":50.599000000000004,"ADA-PERP":1.1809,"BNB-PERP":494.95000000000005,"AVAX-PERP":null,"LUNA-PERP":null},"BTC":63.14760677861386,"SOL":-58.23382002991673,"FTT":-29.491628218005992,"ADA":24.73528166040495,"BNB":3650,"AVAX":0,"LUNA":0}