{"arr":[-24.65886324381028,-9.400458297981196,-24.02896642520269,-13.020706653017132,-13.131192427885185,-45.51244614184069,-27.341898893965876,-54.46559837750531,-53.616239612783275],"t":265.1763700739916,"avg":29.464041119332403,"wants":{"BTC-PERP":0.09299042458771786,"BTC-SPOT":-0.09299042458771786,"SOL-PERP":0.035449833992969304,"SOL-SPOT":-0.035449833992969304,"SRM-PERP":0.09061503639444923,"SRM-SPOT":-0.09061503639444923,"RAY-PERP":0.04910206233452849,"RAY-SPOT":-0.04910206233452849,"FTT-PERP":0.04951871248641505,"FTT-SPOT":-0.04951871248641505,"ADA-PERP":0.1716308513052707,"ADA-SPOT":-0.1716308513052707,"BNB-PERP":0.10310835345674549,"BNB-SPOT":-0.10310835345674549,"AVAX-PERP":0.20539386055517647,"AVAX-SPOT":-0.20539386055517647,"LUNA-PERP":0.20219086488672744,"LUNA-SPOT":-0.20219086488672744},"mids":{"BTC-PERP":44482.350000000006,"SOL-PERP":100.655,"SRM-PERP":3.037,"RAY-PERP":3.083,"FTT-PERP":50.4025,"ADA-PERP":1.1276000000000002,"BNB-PERP":415.20000000000005,"AVAX-PERP":84.815,"LUNA-PERP":90.12},"BTC":-24.65886324381028,"SOL":-9.400458297981196,"SRM":-24.02896642520269,"RAY":-13.020706653017132,"FTT":-13.131192427885185,"ADA":-45.51244614184069,"BNB":-27.341898893965876,"AVAX":-54.46559837750531,"LUNA":-53.616239612783275}