{"arr":[-58.9370587813911,0,-48.54040672872628,137.1513718376476,-21.016643497467456,-163.54576533832298,-63.45556702350419,-154.98898047043386,-51.865129735476415],"t":699.5009234129699,"avg":77.72232482366331,"wants":{"BTC-PERP":0.08425586987623741,"BTC-SPOT":-0.08425586987623741,"SOL-PERP":0,"SOL-SPOT":0,"SRM-PERP":0.06939291300987904,"SRM-SPOT":-0.06939291300987904,"RAY-PERP":-0.19607032277879705,"RAY-SPOT":0.19607032277879705,"FTT-PERP":0.030045197645950344,"FTT-SPOT":-0.030045197645950344,"ADA-PERP":0.23380350170284075,"ADA-SPOT":-0.23380350170284075,"BNB-PERP":0.09071548714173952,"BNB-SPOT":-0.09071548714173952,"AVAX-PERP":0.22157080181426977,"AVAX-SPOT":-0.22157080181426977,"LUNA-PERP":0.07414590603028609,"LUNA-SPOT":-0.07414590603028609},"mids":{"BTC-PERP":44487.75,"SOL-PERP":100.95,"SRM-PERP":3.0495,"RAY-PERP":3.09,"FTT-PERP":50.434,"ADA-PERP":1.13075,"BNB-PERP":414.75,"AVAX-PERP":84.83500000000001,"LUNA-PERP":90.11},"BTC":-58.9370587813911,"SOL":0,"SRM":-48.54040672872628,"RAY":137.1513718376476,"FTT":-21.016643497467456,"ADA":-163.54576533832298,"BNB":-63.45556702350419,"AVAX":-154.98898047043386,"LUNA":-51.865129735476415}