{"arr":[41.523143286571475,-1029.1354455707115,-21.729114498548196,39.807046980070204,3650,-193.6163149109136,0],"t":4975.811065246815,"avg":710.8301521781165,"wants":{"BTC-PERP":-0.008344999989365916,"BTC-SPOT":0.008344999989365916,"SOL-PERP":0.2068276773526696,"SOL-SPOT":-0.2068276773526696,"SRM-PERP":null,"SRM-SPOT":null,"RAY-PERP":null,"RAY-SPOT":null,"FTT-PERP":0.004366949269901663,"FTT-SPOT":-0.004366949269901663,"ADA-PERP":-0.008000112234586153,"ADA-SPOT":0.008000112234586153,"BNB-PERP":-0.7335487525829016,"BNB-SPOT":0.7335487525829016,"AVAX-PERP":0.03891150857057504,"AVAX-SPOT":-0.03891150857057504,"LUNA-PERP":0,"LUNA-SPOT":0},"mids":{"BTC-PERP":47503.3,"SOL-PERP":110.39500000000001,"FTT-PERP":50.814,"ADA-PERP":1.19265,"BNB-PERP":494.95000000000005,"AVAX-PERP":92.83,"LUNA-PERP":null},"BTC":41.523143286571475,"SOL":-1029.1354455707115,"FTT":-21.729114498548196,"ADA":39.807046980070204,"BNB":3650,"AVAX":-193.6163149109136,"LUNA":0}