{"arr":[-26.984070833169007,53.08561494749809,1.9919657482987407,-7.857431029637207,19.904540302882133,-32.38785696571333,-17.874194668921483,103.7096610921695,13.24230608052046],"t":277.03764166880995,"avg":30.78196018542333,"wants":{"BTC-PERP":0.09740218213894428,"BTC-SPOT":-0.09740218213894428,"SOL-PERP":-0.19161878013299116,"SOL-SPOT":0.19161878013299116,"SRM-PERP":-0.007190235003083354,"SRM-SPOT":0.007190235003083354,"RAY-PERP":0.028362322832037844,"RAY-SPOT":-0.028362322832037844,"FTT-PERP":-0.07184778278858367,"FTT-SPOT":0.07184778278858367,"ADA-PERP":0.11690778469891838,"ADA-SPOT":-0.11690778469891838,"BNB-PERP":0.06451901106741854,"BNB-SPOT":-0.06451901106741854,"AVAX-PERP":-0.3743522377228118,"AVAX-SPOT":0.3743522377228118,"LUNA-PERP":-0.04779966361521094,"LUNA-SPOT":0.04779966361521094},"mids":{"BTC-PERP":45975.8,"SOL-PERP":104.53,"SRM-PERP":2.9795,"RAY-PERP":3.099,"FTT-PERP":51.5535,"ADA-PERP":1.1510000000000002,"BNB-PERP":423.15,"AVAX-PERP":87.535,"LUNA-PERP":92.005},"BTC":-26.984070833169007,"SOL":53.08561494749809,"SRM":1.9919657482987407,"RAY":-7.857431029637207,"FTT":19.904540302882133,"ADA":-32.38785696571333,"BNB":-17.874194668921483,"AVAX":103.7096610921695,"LUNA":13.24230608052046}