{"arr":[3.8213408894460787,-1521.5752361503246,-17.012184852552515,18.21963394354431,3650,-69.96587333156812,0],"t":5280.594269167435,"avg":754.3706098810623,"wants":{"BTC-PERP":-0.000723657356475632,"BTC-SPOT":0.000723657356475632,"SOL-PERP":0.2881446970911143,"SOL-SPOT":-0.2881446970911143,"SRM-PERP":null,"SRM-SPOT":null,"RAY-PERP":null,"RAY-SPOT":null,"FTT-PERP":0.0032216421079506153,"FTT-SPOT":-0.0032216421079506153,"ADA-PERP":-0.003450299912251525,"ADA-SPOT":0.003450299912251525,"BNB-PERP":-0.6912100824166286,"BNB-SPOT":0.6912100824166286,"AVAX-PERP":0.013249621115579343,"AVAX-SPOT":-0.013249621115579343,"LUNA-PERP":0,"LUNA-SPOT":0},"mids":{"BTC-PERP":47512.25,"SOL-PERP":110.39500000000001,"FTT-PERP":51.051500000000004,"ADA-PERP":1.2023000000000001,"BNB-PERP":494.95000000000005,"AVAX-PERP":93.765,"LUNA-PERP":null},"BTC":3.8213408894460787,"SOL":-1521.5752361503246,"FTT":-17.012184852552515,"ADA":18.21963394354431,"BNB":3650,"AVAX":-69.96587333156812,"LUNA":0}