{"arr":[59.094506303228655,-23.180910904272878,-43.80474852133809,30.958439355477374,3650,142.44650082234455,0],"t":3949.485105906662,"avg":564.2121579866659,"wants":{"BTC-PERP":-0.01496258492400686,"BTC-SPOT":0.01496258492400686,"SOL-PERP":0.005869350126072032,"SOL-SPOT":-0.005869350126072032,"SRM-PERP":null,"SRM-SPOT":null,"RAY-PERP":null,"RAY-SPOT":null,"FTT-PERP":0.011091255529948902,"FTT-SPOT":-0.011091255529948902,"ADA-PERP":-0.007838601368359994,"ADA-SPOT":0.007838601368359994,"BNB-PERP":-0.9241711013269132,"BNB-SPOT":0.9241711013269132,"AVAX-PERP":-0.03606710672469896,"AVAX-SPOT":0.03606710672469896,"LUNA-PERP":0,"LUNA-SPOT":0},"mids":{"BTC-PERP":47260.40000000001,"SOL-PERP":110.185,"FTT-PERP":50.5475,"ADA-PERP":1.1795,"BNB-PERP":494.95000000000005,"AVAX-PERP":92.22,"LUNA-PERP":null},"BTC":59.094506303228655,"SOL":-23.180910904272878,"FTT":-43.80474852133809,"ADA":30.958439355477374,"BNB":3650,"AVAX":142.44650082234455,"LUNA":0}