{"arr":[-22.343111105798897,-4.567169773029622,3.6843878196923807,50.13202308866704,-16.005326274462494,-33.40327693975797,-15.64379246140013,-49.07503169902394,-19.92758954078566],"t":214.78170870261812,"avg":23.864634300290902,"wants":{"BTC-PERP":0.10402706655404563,"BTC-SPOT":-0.10402706655404563,"SOL-PERP":0.02126423986761937,"SOL-SPOT":-0.02126423986761937,"SRM-PERP":-0.017154104238893547,"SRM-SPOT":0.017154104238893547,"RAY-PERP":-0.23340918270688824,"RAY-SPOT":0.23340918270688824,"FTT-PERP":0.07451903782283018,"FTT-SPOT":-0.07451903782283018,"ADA-PERP":0.15552198155759805,"ADA-SPOT":-0.15552198155759805,"BNB-PERP":0.0728357761743118,"BNB-SPOT":-0.0728357761743118,"AVAX-PERP":0.2284879471136535,"AVAX-SPOT":-0.2284879471136535,"LUNA-PERP":0.09278066396415977,"LUNA-SPOT":-0.09278066396415977},"mids":{"BTC-PERP":44255.8,"SOL-PERP":100.355,"SRM-PERP":3.0415,"RAY-PERP":3.066,"FTT-PERP":49.795,"ADA-PERP":1.12825,"BNB-PERP":413.40000000000003,"AVAX-PERP":85.35,"LUNA-PERP":90.42500000000001},"BTC":-22.343111105798897,"SOL":-4.567169773029622,"SRM":3.6843878196923807,"RAY":50.13202308866704,"FTT":-16.005326274462494,"ADA":-33.40327693975797,"BNB":-15.64379246140013,"AVAX":-49.07503169902394,"LUNA":-19.92758954078566}