{"arr":[17.11557280728382,-1569.9914076596779,11.881277428519743,24.37395659452801,3650,75.99064564646008,0],"t":5349.35286013647,"avg":764.1932657337813,"wants":{"BTC-PERP":-0.003199559508371481,"BTC-SPOT":0.003199559508371481,"SOL-PERP":0.2934918388650894,"SOL-SPOT":-0.2934918388650894,"SRM-PERP":null,"SRM-SPOT":null,"RAY-PERP":null,"RAY-SPOT":null,"FTT-PERP":-0.002221068181360658,"FTT-SPOT":0.002221068181360658,"ADA-PERP":-0.0045564308864654325,"ADA-SPOT":0.0045564308864654325,"BNB-PERP":-0.6823255252424839,"BNB-SPOT":0.6823255252424839,"AVAX-PERP":-0.014205577316229135,"AVAX-SPOT":0.014205577316229135,"LUNA-PERP":0,"LUNA-SPOT":0},"mids":{"BTC-PERP":47486.200000000004,"SOL-PERP":110.39500000000001,"FTT-PERP":51.0045,"ADA-PERP":1.1984000000000001,"BNB-PERP":494.95000000000005,"AVAX-PERP":94.345,"LUNA-PERP":null},"BTC":17.11557280728382,"SOL":-1569.9914076596779,"FTT":11.881277428519743,"ADA":24.37395659452801,"BNB":3650,"AVAX":75.99064564646008,"LUNA":0}