{"arr":[0,0,0,0,0,0,-55.07239645848827,-57.687549738623666,-63.41761579758642],"t":176.17756199469835,"avg":19.575284666077593,"wants":{"BTC-PERP":0,"BTC-SPOT":0,"SOL-PERP":0,"SOL-SPOT":0,"SRM-PERP":0,"SRM-SPOT":0,"RAY-PERP":0,"RAY-SPOT":0,"FTT-PERP":0,"FTT-SPOT":0,"ADA-PERP":0,"ADA-SPOT":0,"BNB-PERP":0.3125959732610305,"BNB-SPOT":-0.3125959732610305,"AVAX-PERP":0.3274398231277581,"AVAX-SPOT":-0.3274398231277581,"LUNA-PERP":0.35996420361121145,"LUNA-SPOT":-0.35996420361121145},"mids":{"BTC-PERP":44384.75,"SOL-PERP":98.86,"SRM-PERP":3.047,"RAY-PERP":3.0555000000000003,"FTT-PERP":50.0285,"ADA-PERP":1.1070000000000002,"BNB-PERP":409.65000000000003,"AVAX-PERP":83.495,"LUNA-PERP":89.38},"BTC":0,"SOL":0,"SRM":0,"RAY":0,"FTT":0,"ADA":0,"BNB":-55.07239645848827,"AVAX":-57.687549738623666,"LUNA":-63.41761579758642}