{"arr":[0,0,0,0,0,0,0,0,-50.983338173809514],"t":50.983338173809514,"avg":5.664815352645501,"wants":{"BTC-PERP":0,"BTC-SPOT":0,"SOL-PERP":0,"SOL-SPOT":0,"SRM-PERP":0,"SRM-SPOT":0,"RAY-PERP":0,"RAY-SPOT":0,"FTT-PERP":0,"FTT-SPOT":0,"ADA-PERP":0,"ADA-SPOT":0,"BNB-PERP":0,"BNB-SPOT":0,"AVAX-PERP":0,"AVAX-SPOT":0,"LUNA-PERP":1,"LUNA-SPOT":-1},"mids":{"BTC-PERP":44465.75,"SOL-PERP":100.565,"SRM-PERP":3.0665000000000004,"RAY-PERP":3.0934999999999997,"FTT-PERP":50.438,"ADA-PERP":1.1287500000000001,"BNB-PERP":412.20000000000005,"AVAX-PERP":84.71000000000001,"LUNA-PERP":90.09},"BTC":0,"SOL":0,"SRM":0,"RAY":0,"FTT":0,"ADA":0,"BNB":0,"AVAX":0,"LUNA":-50.983338173809514}