{"arr":[40.99550135413721,-1172.8301014659341,-31.598265454416463,15.265579255581585,0,-69.76167965076318,0],"t":1330.4511271808324,"avg":190.0644467401189,"wants":{"BTC-PERP":-0.030813233584163952,"BTC-SPOT":0.030813233584163952,"SOL-PERP":0.8815281354611723,"SOL-SPOT":-0.8815281354611723,"SRM-PERP":null,"SRM-SPOT":null,"RAY-PERP":null,"RAY-SPOT":null,"FTT-PERP":0.023750038471064924,"FTT-SPOT":-0.023750038471064924,"ADA-PERP":-0.01147398723914698,"ADA-SPOT":0.01147398723914698,"BNB-PERP":0,"BNB-SPOT":0,"AVAX-PERP":0.05243460524445203,"AVAX-SPOT":-0.05243460524445203,"LUNA-PERP":0,"LUNA-SPOT":0},"mids":{"BTC-PERP":47454.350000000006,"SOL-PERP":110.39500000000001,"FTT-PERP":51.03,"ADA-PERP":1.19585,"BNB-PERP":null,"AVAX-PERP":93.27000000000001,"LUNA-PERP":null},"BTC":40.99550135413721,"SOL":-1172.8301014659341,"FTT":-31.598265454416463,"ADA":15.265579255581585,"BNB":0,"AVAX":-69.76167965076318,"LUNA":0}