{"arr":[47.02926886613379,-279.9584912449693,-55.60412107481927,24.693446088953408,3650,0,0],"t":4057.2853272748757,"avg":579.6121896106965,"wants":{"BTC-PERP":-0.011591314160229781,"BTC-SPOT":0.011591314160229781,"SOL-PERP":0.0690014304300868,"SOL-SPOT":-0.0690014304300868,"SRM-PERP":null,"SRM-SPOT":null,"RAY-PERP":null,"RAY-SPOT":null,"FTT-PERP":0.013704759855320908,"FTT-SPOT":-0.013704759855320908,"ADA-PERP":-0.006086199046183191,"ADA-SPOT":0.006086199046183191,"BNB-PERP":-0.8996162965081793,"BNB-SPOT":0.8996162965081793,"AVAX-PERP":0,"AVAX-SPOT":0,"LUNA-PERP":0,"LUNA-SPOT":0},"mids":{"BTC-PERP":47345.40000000001,"SOL-PERP":110.39500000000001,"FTT-PERP":50.6375,"ADA-PERP":1.1829,"BNB-PERP":494.95000000000005,"AVAX-PERP":null,"LUNA-PERP":null},"BTC":47.02926886613379,"SOL":-279.9584912449693,"FTT":-55.60412107481927,"ADA":24.693446088953408,"BNB":3650,"AVAX":0,"LUNA":0}