{"arr":[0,0,0,0,0,-45.20687513317934,0,-47.470083546211185,0],"t":92.67695867939052,"avg":10.297439853265614,"wants":{"BTC-PERP":0,"BTC-SPOT":0,"SOL-PERP":0,"SOL-SPOT":0,"SRM-PERP":0,"SRM-SPOT":0,"RAY-PERP":0,"RAY-SPOT":0,"FTT-PERP":0,"FTT-SPOT":0,"ADA-PERP":0.4877897999390482,"ADA-SPOT":-0.4877897999390482,"BNB-PERP":0,"BNB-SPOT":0,"AVAX-PERP":0.5122102000609519,"AVAX-SPOT":-0.5122102000609519,"LUNA-PERP":0,"LUNA-SPOT":0},"mids":{"BTC-PERP":44457.55,"SOL-PERP":100.905,"SRM-PERP":3.051,"RAY-PERP":3.0915,"FTT-PERP":50.43,"ADA-PERP":1.1279,"BNB-PERP":414.5,"AVAX-PERP":84.85499999999999,"LUNA-PERP":90.2},"BTC":0,"SOL":0,"SRM":0,"RAY":0,"FTT":0,"ADA":-45.20687513317934,"BNB":0,"AVAX":-47.470083546211185,"LUNA":0}