{"arr":[0,0,0,0,0,0,0,-54.78779946697787,-62.685915713471594],"t":117.47371518044946,"avg":13.05263502004994,"wants":{"BTC-PERP":0,"BTC-SPOT":0,"SOL-PERP":0,"SOL-SPOT":0,"SRM-PERP":0,"SRM-SPOT":0,"RAY-PERP":0,"RAY-SPOT":0,"FTT-PERP":0,"FTT-SPOT":0,"ADA-PERP":0,"ADA-SPOT":0,"BNB-PERP":0,"BNB-SPOT":0,"AVAX-PERP":0.4663834746591544,"AVAX-SPOT":-0.4663834746591544,"LUNA-PERP":0.5336165253408457,"LUNA-SPOT":-0.5336165253408457},"mids":{"BTC-PERP":44415.450000000004,"SOL-PERP":99.12,"SRM-PERP":3.0445,"RAY-PERP":3.06,"FTT-PERP":50.039500000000004,"ADA-PERP":1.1070000000000002,"BNB-PERP":409.80000000000007,"AVAX-PERP":83.68,"LUNA-PERP":89.48},"BTC":0,"SOL":0,"SRM":0,"RAY":0,"FTT":0,"ADA":0,"BNB":0,"AVAX":-54.78779946697787,"LUNA":-62.685915713471594}